INSERT INTO `flows` (`id`, `bot_id`, `title`, `order`, `defaulted_at`, `created_at`, `updated_at`)
VALUES
	(1,1,'CodeCanyon Portfolio',1,NULL,'2016-05-25 12:58:20','2016-06-28 18:10:59'),
	(4,1,'Bot features',2,NULL,'2016-05-25 14:07:45','2016-06-28 18:10:59'),
	(5,1,'Bot price',3,NULL,'2016-05-25 14:09:53','2016-06-28 18:10:59'),
	(6,1,'Eddie bennefits',4,NULL,'2016-05-25 14:11:07','2016-06-28 18:10:59'),
	(7,1,'Eddie bennefits 2',5,NULL,'2016-05-25 14:11:47','2016-06-28 18:10:59'),
	(8,1,'Social Followers Analytics Price',6,NULL,'2016-05-25 14:12:57','2016-06-28 18:10:59'),
	(9,1,'Frameworks and Platforms',7,NULL,'2016-05-25 15:50:22','2016-06-28 18:10:59'),
	(10,1,'Skills',8,NULL,'2016-05-25 15:50:39','2016-06-28 18:10:59'),
	(11,1,'CV',9,NULL,'2016-05-25 15:58:35','2016-06-28 18:10:59'),
	(12,1,'Experience',10,NULL,'2016-05-25 16:24:21','2016-06-28 18:10:59'),
	(13,1,'Certifications',11,NULL,'2016-05-25 16:24:49','2016-06-28 18:10:59'),
	(15,1,'Blog Link',12,NULL,'2016-05-25 17:14:45','2016-06-28 18:18:51'),
	(16,1,'Portfolio',14,NULL,'2016-05-25 17:20:45','2016-06-28 18:22:18'),
	(17,1,'Bots',15,NULL,'2016-05-26 04:50:23','2016-06-28 18:22:08'),
	(18,1,'Default',23,'2016-06-28 18:10:59','2016-05-26 04:50:37','2016-07-20 13:09:22'),
	(19,1,'Disable Chat',16,NULL,'2016-06-28 18:13:01','2016-06-28 18:21:59'),
	(20,1,'Enable Chat',17,NULL,'2016-06-28 18:15:37','2016-06-28 18:21:52'),
	(21,1,'Blog Entries',13,NULL,'2016-06-28 18:21:05','2016-06-28 18:22:18'),
	(22,1,'Save Email',18,NULL,'2016-06-28 18:23:59','2016-06-28 18:27:25'),
	(23,1,'Callback',19,NULL,'2016-07-12 05:45:24','2016-07-12 05:45:56'),
	(24,1,'Ask for favorite color',20,NULL,'2016-07-12 05:51:13','2016-07-12 05:51:46'),
	(25,1,'Subscribe',21,NULL,'2016-07-20 13:08:16','2016-07-20 13:09:18'),
	(26,1,'Unsubscribe',22,NULL,'2016-07-20 13:08:51','2016-07-20 13:09:22');

INSERT INTO `matchers` (`id`, `flow_id`, `type`, `created_at`, `updated_at`)
VALUES
	(1,1,'contains','2016-05-25 13:12:30','2016-05-25 13:12:30'),
	(3,4,'contains','2016-05-25 14:08:53','2016-05-25 14:08:53'),
	(4,4,'contains','2016-05-25 14:09:24','2016-05-25 14:09:24'),
	(5,5,'contains','2016-05-25 14:10:14','2016-05-25 14:10:14'),
	(6,5,'contains','2016-05-25 14:10:22','2016-05-25 14:10:22'),
	(7,6,'contains','2016-05-25 14:11:31','2016-05-25 14:11:31'),
	(8,6,'contains','2016-05-25 14:11:39','2016-05-25 14:11:39'),
	(9,7,'contains','2016-05-25 14:12:10','2016-05-25 14:12:10'),
	(10,7,'contains','2016-05-25 14:12:17','2016-05-25 14:12:17'),
	(11,8,'contains','2016-05-25 14:13:26','2016-05-25 14:13:26'),
	(12,8,'contains','2016-05-25 14:13:33','2016-05-25 14:13:33'),
	(13,8,'contains','2016-05-25 14:13:41','2016-05-25 14:13:41'),
	(15,10,'contains','2016-05-25 15:53:22','2016-05-25 15:53:22'),
	(16,9,'contains','2016-05-25 15:53:46','2016-05-25 15:54:29'),
	(17,11,'contains','2016-05-25 15:58:56','2016-05-25 15:58:56'),
	(18,12,'contains','2016-05-25 16:24:43','2016-05-25 16:24:43'),
	(19,13,'contains','2016-05-25 16:25:15','2016-05-25 16:25:15'),
	(21,1,'contains','2016-05-25 17:02:36','2016-05-25 17:02:36'),
	(23,15,'contains','2016-05-25 17:49:31','2016-05-25 17:49:31'),
	(24,17,'contains','2016-05-26 04:51:05','2016-05-26 04:51:05'),
	(25,16,'contains','2016-05-26 04:51:30','2016-05-26 04:51:30'),
	(26,19,'contains','2016-06-28 18:13:41','2016-06-28 18:13:41'),
	(27,19,'contains','2016-06-28 18:13:49','2016-06-28 18:13:49'),
	(28,20,'contains','2016-06-28 18:17:05','2016-06-28 18:17:05'),
	(29,20,'contains','2016-06-28 18:17:15','2016-06-28 18:17:15'),
	(30,15,'contains','2016-06-28 18:19:10','2016-06-28 18:19:10'),
	(31,21,'contains','2016-06-28 18:21:18','2016-06-28 18:21:18'),
	(32,21,'contains','2016-06-28 18:21:27','2016-06-28 18:21:27'),
	(33,22,'regex','2016-06-28 18:25:45','2016-06-28 18:29:04'),
	(34,23,'contains','2016-07-12 05:45:40','2016-07-12 05:45:40'),
	(35,24,'contains','2016-07-12 05:51:25','2016-07-12 05:51:25'),
	(36,25,'equals','2016-07-20 13:08:30','2016-07-20 13:08:30'),
	(37,26,'equals','2016-07-20 13:09:03','2016-07-20 13:09:03');

INSERT INTO `matchers_params` (`id`, `matcher_id`, `order`, `key`, `value`, `created_at`, `updated_at`)
VALUES
	(1,1,0,'text','portfolio','2016-05-25 13:12:30','2016-05-25 13:12:30'),
	(2,1,1,'case','insensitive','2016-05-25 13:12:30','2016-05-25 13:12:30'),
	(5,3,0,'text','bot','2016-05-25 14:08:53','2016-05-25 14:08:53'),
	(6,3,1,'case','insensitive','2016-05-25 14:08:53','2016-05-25 14:08:53'),
	(7,4,0,'text','features','2016-05-25 14:09:24','2016-05-25 14:09:24'),
	(8,4,1,'case','insensitive','2016-05-25 14:09:24','2016-05-25 14:09:24'),
	(9,5,0,'text','bot','2016-05-25 14:10:14','2016-05-25 14:10:14'),
	(10,5,1,'case','insensitive','2016-05-25 14:10:14','2016-05-25 14:10:14'),
	(11,6,0,'text','price','2016-05-25 14:10:22','2016-05-25 14:10:22'),
	(12,6,1,'case','insensitive','2016-05-25 14:10:22','2016-05-25 14:10:22'),
	(13,7,0,'text','eddie','2016-05-25 14:11:31','2016-05-25 14:11:31'),
	(14,7,1,'case','insensitive','2016-05-25 14:11:31','2016-05-25 14:11:31'),
	(15,8,0,'text','bennefits','2016-05-25 14:11:39','2016-05-25 14:11:39'),
	(16,8,1,'case','insensitive','2016-05-25 14:11:39','2016-05-25 14:11:39'),
	(17,9,0,'text','poster','2016-05-25 14:12:10','2016-05-25 14:12:10'),
	(18,9,1,'case','insensitive','2016-05-25 14:12:10','2016-05-25 14:12:10'),
	(19,10,0,'text','bennefits','2016-05-25 14:12:17','2016-05-25 14:12:17'),
	(20,10,1,'case','insensitive','2016-05-25 14:12:17','2016-05-25 14:12:17'),
	(21,11,0,'text','social','2016-05-25 14:13:26','2016-05-25 14:13:26'),
	(22,11,1,'case','insensitive','2016-05-25 14:13:26','2016-05-25 14:13:26'),
	(23,12,0,'text','followers','2016-05-25 14:13:33','2016-05-25 14:13:33'),
	(24,12,1,'case','insensitive','2016-05-25 14:13:33','2016-05-25 14:13:33'),
	(25,13,0,'text','price','2016-05-25 14:13:41','2016-05-25 14:13:41'),
	(26,13,1,'case','insensitive','2016-05-25 14:13:41','2016-05-25 14:13:41'),
	(29,15,0,'text','skills','2016-05-25 15:53:22','2016-05-25 15:53:22'),
	(30,15,1,'case','insensitive','2016-05-25 15:53:22','2016-05-25 15:53:22'),
	(31,16,0,'text','frameworks','2016-05-25 15:53:46','2016-05-25 15:54:29'),
	(32,16,1,'case','insensitive','2016-05-25 15:53:46','2016-05-25 15:53:46'),
	(33,17,0,'text','cv','2016-05-25 15:58:56','2016-05-25 15:58:56'),
	(34,17,1,'case','insensitive','2016-05-25 15:58:56','2016-05-25 15:58:56'),
	(35,18,0,'text','experience','2016-05-25 16:24:43','2016-05-25 16:24:43'),
	(36,18,1,'case','insensitive','2016-05-25 16:24:43','2016-05-25 16:24:43'),
	(37,19,0,'text','certifications','2016-05-25 16:25:15','2016-05-25 16:25:15'),
	(38,19,1,'case','insensitive','2016-05-25 16:25:15','2016-05-25 16:25:15'),
	(41,21,0,'text','codecanyon','2016-05-25 17:02:36','2016-05-25 17:02:36'),
	(42,21,1,'case','insensitive','2016-05-25 17:02:36','2016-05-25 17:02:36'),
	(45,23,0,'text','blog','2016-05-25 17:49:31','2016-05-25 17:49:31'),
	(46,23,1,'case','insensitive','2016-05-25 17:49:31','2016-05-25 17:49:31'),
	(47,24,0,'text','bots','2016-05-26 04:51:05','2016-05-26 04:51:05'),
	(48,24,1,'case','insensitive','2016-05-26 04:51:05','2016-05-26 04:51:05'),
	(49,25,0,'text','portfolio','2016-05-26 04:51:30','2016-05-26 04:51:30'),
	(50,25,1,'case','insensitive','2016-05-26 04:51:30','2016-05-26 04:51:30'),
	(51,26,0,'text','disable','2016-06-28 18:13:41','2016-06-28 18:13:41'),
	(52,26,1,'case','insensitive','2016-06-28 18:13:41','2016-06-28 18:13:41'),
	(53,27,0,'text','chat','2016-06-28 18:13:49','2016-06-28 18:13:49'),
	(54,27,1,'case','insensitive','2016-06-28 18:13:49','2016-06-28 18:13:49'),
	(55,28,0,'text','enable','2016-06-28 18:17:05','2016-06-28 18:17:05'),
	(56,28,1,'case','insensitive','2016-06-28 18:17:05','2016-06-28 18:17:05'),
	(57,29,0,'text','chat','2016-06-28 18:17:15','2016-06-28 18:17:15'),
	(58,29,1,'case','insensitive','2016-06-28 18:17:15','2016-06-28 18:17:15'),
	(59,30,0,'text','link','2016-06-28 18:19:10','2016-06-28 18:19:10'),
	(60,30,1,'case','insensitive','2016-06-28 18:19:10','2016-06-28 18:19:10'),
	(61,31,0,'text','blog','2016-06-28 18:21:18','2016-06-28 18:21:18'),
	(62,31,1,'case','insensitive','2016-06-28 18:21:18','2016-06-28 18:21:18'),
	(63,32,0,'text','entries','2016-06-28 18:21:27','2016-06-28 18:21:27'),
	(64,32,1,'case','insensitive','2016-06-28 18:21:27','2016-06-28 18:21:27'),
	(65,33,0,'pattern','/^[_a-z0-9-]+(\\.[_a-z0-9-]+)*@[a-z0-9-]+(\\.[a-z0-9-]+)*(\\.[a-z]{2,3})/i','2016-06-28 18:25:45','2016-06-28 18:29:04'),
	(66,34,0,'text','callback','2016-07-12 05:45:40','2016-07-12 05:45:40'),
	(67,34,1,'case','insensitive','2016-07-12 05:45:40','2016-07-12 05:45:40'),
	(68,35,0,'text','color','2016-07-12 05:51:25','2016-07-12 05:51:25'),
	(69,35,1,'case','insensitive','2016-07-12 05:51:25','2016-07-12 05:51:25'),
	(70,36,0,'text','subscribe','2016-07-20 13:08:30','2016-07-20 13:08:30'),
	(71,36,1,'case','insensitive','2016-07-20 13:08:30','2016-07-20 13:08:30'),
	(72,37,0,'text','unsubscribe','2016-07-20 13:09:03','2016-07-20 13:09:03'),
	(73,37,1,'case','insensitive','2016-07-20 13:09:03','2016-07-20 13:09:03');

INSERT INTO `recipients_variables` (`id`, `bot_id`, `name`, `type`, `accessor`, `created_at`, `updated_at`)
VALUES
	(6,1,'Email','text','email','2016-06-28 18:23:44','2016-06-28 18:23:44'),
	(7,1,'Favorite Color','text','favorite-color','2016-07-12 05:47:42','2016-07-12 05:47:42');

INSERT INTO `responds` (`id`, `bot_id`, `title`, `label`, `published_at`, `created_at`, `updated_at`)
VALUES
	(1,1,'Bot features',NULL,'2016-05-25 12:55:20','2016-05-25 12:55:11','2016-06-28 18:48:55'),
	(2,1,'Bot price',NULL,'2016-05-25 12:58:23','2016-05-25 12:55:23','2016-06-28 18:48:55'),
	(3,1,'CodeCanyon Portfolio',NULL,'2016-05-25 13:10:37','2016-05-25 13:10:31','2016-06-28 18:48:55'),
	(4,1,'Eddie bennefits',NULL,'2016-05-25 13:16:30','2016-05-25 13:16:19','2016-06-28 18:48:55'),
	(5,1,'Eddie Price',NULL,'2016-05-25 13:32:32','2016-05-25 13:32:25','2016-06-28 18:48:55'),
	(6,1,'Social Followers Analytics Price',NULL,'2016-05-25 13:46:14','2016-05-25 13:45:59','2016-06-28 18:48:55'),
	(7,1,'Social Analytics for Webmasters Price',NULL,'2016-05-25 13:46:30','2016-05-25 13:46:21','2016-06-28 18:48:55'),
	(8,1,'Niche Job Ads Price',NULL,'2016-05-25 13:46:40','2016-05-25 13:46:33','2016-06-28 18:48:55'),
	(9,1,'Social Followers Analytics Addons',NULL,'2016-05-25 13:56:21','2016-05-25 13:56:15','2016-06-28 18:48:55'),
	(10,1,'Skills',NULL,'2016-05-25 14:40:41','2016-05-25 14:40:34','2016-06-28 18:48:55'),
	(11,1,'Frameworks and Platforms',NULL,'2016-05-25 14:45:59','2016-05-25 14:45:51','2016-06-28 18:48:55'),
	(12,1,'CV',NULL,'2016-05-25 15:57:08','2016-05-25 15:48:51','2016-06-28 18:48:55'),
	(13,1,'Certifications',NULL,'2016-05-25 16:02:11','2016-05-25 16:01:43','2016-06-28 18:48:55'),
	(14,1,'Experience',NULL,'2016-05-25 16:12:02','2016-05-25 16:11:51','2016-06-28 18:48:55'),
	(15,1,'Bots Portfolio',NULL,'2016-05-25 16:29:25','2016-05-25 16:29:16','2016-06-28 18:48:55'),
	(16,1,'Rinka Role',NULL,'2016-05-25 16:48:42','2016-05-25 16:40:22','2016-06-28 18:48:55'),
	(17,1,'Rinka Tech',NULL,'2016-05-25 16:48:59','2016-05-25 16:48:51','2016-06-28 18:48:55'),
	(18,1,'Open Source',NULL,'2016-05-25 16:59:08','2016-05-25 16:58:59','2016-06-28 18:48:55'),
	(19,1,'Portfolio',NULL,'2016-05-25 17:09:40','2016-05-25 17:09:33','2016-06-28 18:48:55'),
	(20,1,'Default',NULL,'2016-05-25 17:13:15','2016-05-25 17:13:08','2016-06-28 18:48:55'),
	(21,1,'Blog Link',NULL,'2016-05-25 17:19:35','2016-05-25 17:19:24','2016-06-28 18:48:55'),
	(22,1,'Disable Chat',NULL,'2016-06-28 18:11:58','2016-06-28 18:11:46','2016-06-28 18:48:55'),
	(23,1,'Enable Chat',NULL,'2016-06-28 18:16:04','2016-06-28 18:15:53','2016-06-28 18:48:55'),
	(24,1,'Blog Entries',NULL,'2016-06-28 18:20:57','2016-06-28 18:19:35','2016-06-28 18:48:55'),
	(25,1,'Save Email',NULL,'2016-06-28 18:26:41','2016-06-28 18:26:30','2016-06-28 18:48:55'),
	(27,1,'Callback',NULL,'2016-07-12 05:43:31','2016-07-12 05:42:55','2016-07-12 05:43:31'),
	(28,1,'Ask for favorite color',NULL,'2016-07-12 05:50:41','2016-07-12 05:46:22','2016-07-12 05:51:01'),
	(29,1,'Assign Favorite Color',NULL,'2016-07-12 05:48:53','2016-07-12 05:47:52','2016-07-12 05:48:53'),
	(30,1,'Get Started',NULL,'2016-07-12 05:53:25','2016-07-12 05:52:37','2016-07-12 06:23:56'),
	(31,1,'Persistent menu',NULL,'2016-07-12 05:55:23','2016-07-12 05:53:38','2016-07-12 05:55:23'),
	(32,1,'Subscribe',NULL,'2016-07-20 13:06:10','2016-07-20 13:05:29','2016-07-20 13:06:10'),
	(33,1,'Unsubscribe',NULL,'2016-07-20 13:07:11','2016-07-20 13:06:18','2016-07-20 13:07:11');

INSERT INTO `responds_taxonomies` (`id`, `respond_id`, `parent_id`, `order`, `type`, `created_at`, `updated_at`)
VALUES
	(1,2,NULL,1,'buttons','2016-05-25 12:56:55','2016-05-25 12:56:55'),
	(2,2,1,1,'button','2016-05-25 12:57:35','2016-05-25 12:57:35'),
	(3,2,1,2,'button','2016-05-25 12:58:00','2016-05-25 12:58:00'),
	(4,2,1,3,'button','2016-05-25 12:58:11','2016-05-25 12:58:11'),
	(5,1,NULL,2,'text','2016-05-25 12:58:51','2016-07-12 05:41:21'),
	(6,1,NULL,4,'text','2016-05-25 12:59:04','2016-06-10 05:40:23'),
	(7,1,NULL,6,'text','2016-05-25 12:59:17','2016-06-10 05:40:37'),
	(8,1,NULL,7,'text','2016-05-25 12:59:32','2016-06-10 05:40:32'),
	(9,1,NULL,10,'text','2016-05-25 12:59:47','2016-06-29 04:55:37'),
	(10,1,NULL,12,'text','2016-05-25 13:00:00','2016-06-29 04:57:14'),
	(11,1,NULL,13,'buttons','2016-05-25 13:00:17','2016-06-29 04:57:07'),
	(12,1,11,1,'button','2016-05-25 13:00:32','2016-05-25 13:00:32'),
	(16,1,11,3,'button','2016-05-25 13:09:21','2016-05-25 13:09:21'),
	(17,1,11,4,'button','2016-05-25 13:09:50','2016-05-25 13:09:50'),
	(18,3,NULL,1,'carousel','2016-05-25 13:10:41','2016-05-25 13:10:41'),
	(19,3,18,1,'element','2016-05-25 13:11:16','2016-05-25 13:11:16'),
	(20,3,19,1,'button','2016-05-25 13:11:31','2016-05-25 13:11:31'),
	(21,3,19,2,'button','2016-05-25 13:11:41','2016-05-25 13:11:41'),
	(22,3,19,3,'button','2016-05-25 13:11:54','2016-05-25 13:24:52'),
	(24,4,NULL,1,'text','2016-05-25 13:16:24','2016-05-25 13:28:41'),
	(25,3,18,2,'element','2016-05-25 13:18:23','2016-05-25 13:18:23'),
	(26,1,NULL,1,'text','2016-05-25 13:26:20','2016-05-25 13:26:43'),
	(27,4,NULL,2,'text','2016-05-25 13:28:57','2016-05-25 13:31:08'),
	(28,4,NULL,4,'text','2016-05-25 13:29:11','2016-05-25 13:31:02'),
	(29,4,NULL,5,'text','2016-05-25 13:29:45','2016-05-25 13:30:59'),
	(30,4,NULL,6,'text','2016-05-25 13:29:56','2016-05-25 13:30:55'),
	(31,4,NULL,3,'image','2016-05-25 13:30:43','2016-05-25 13:31:08'),
	(32,4,NULL,7,'buttons','2016-05-25 13:31:30','2016-05-25 13:31:30'),
	(33,4,32,1,'button','2016-05-25 13:31:54','2016-05-25 13:31:54'),
	(34,4,32,2,'button','2016-05-25 13:32:15','2016-05-25 13:32:15'),
	(35,5,NULL,1,'buttons','2016-05-25 13:33:16','2016-05-25 13:33:16'),
	(36,5,35,1,'button','2016-05-25 13:33:41','2016-05-25 13:33:41'),
	(37,5,35,2,'button','2016-05-25 13:33:55','2016-05-25 13:33:55'),
	(38,5,35,3,'button','2016-05-25 13:34:07','2016-05-25 13:34:07'),
	(39,3,25,1,'button','2016-05-25 13:34:39','2016-05-25 13:37:31'),
	(40,3,25,2,'button','2016-05-25 13:35:05','2016-05-25 13:35:05'),
	(41,3,25,3,'button','2016-05-25 13:35:20','2016-05-25 13:35:20'),
	(42,4,32,3,'button','2016-05-25 13:38:41','2016-05-25 13:38:41'),
	(43,3,18,3,'element','2016-05-25 13:42:35','2016-05-25 13:42:35'),
	(44,3,18,4,'element','2016-05-25 13:42:58','2016-05-25 13:42:58'),
	(45,3,18,5,'element','2016-05-25 13:43:18','2016-05-25 13:43:18'),
	(46,3,43,3,'button','2016-05-25 13:43:55','2016-05-25 13:58:49'),
	(47,3,44,2,'button','2016-05-25 13:44:30','2016-05-25 13:47:44'),
	(48,3,45,2,'button','2016-05-25 13:44:53','2016-05-25 13:47:26'),
	(49,3,43,1,'button','2016-05-25 13:47:06','2016-05-25 13:48:30'),
	(50,3,45,1,'button','2016-05-25 13:47:24','2016-05-25 13:47:26'),
	(51,3,44,1,'button','2016-05-25 13:47:41','2016-05-25 13:47:44'),
	(52,7,NULL,1,'buttons','2016-05-25 13:49:46','2016-05-25 13:56:02'),
	(53,7,52,1,'button','2016-05-25 13:50:23','2016-05-25 13:50:23'),
	(54,7,52,2,'button','2016-05-25 13:50:58','2016-05-25 13:52:22'),
	(55,6,NULL,1,'buttons','2016-05-25 13:51:45','2016-05-25 13:51:45'),
	(56,6,55,1,'button','2016-05-25 13:52:00','2016-05-25 13:53:04'),
	(57,6,55,2,'button','2016-05-25 13:52:11','2016-05-25 13:52:11'),
	(58,8,NULL,1,'buttons','2016-05-25 13:53:38','2016-05-25 13:53:38'),
	(59,8,58,1,'button','2016-05-25 13:54:00','2016-05-25 13:54:00'),
	(60,8,58,2,'button','2016-05-25 13:54:12','2016-05-25 13:54:12'),
	(61,9,NULL,1,'carousel','2016-05-25 13:56:59','2016-05-25 13:56:59'),
	(62,9,61,1,'element','2016-05-25 13:57:48','2016-05-25 13:58:14'),
	(63,9,62,1,'button','2016-05-25 13:58:01','2016-05-25 13:58:01'),
	(64,3,43,2,'button','2016-05-25 13:58:46','2016-05-25 13:58:49'),
	(65,9,61,2,'element','2016-05-25 14:00:29','2016-05-25 14:00:29'),
	(66,9,65,1,'button','2016-05-25 14:00:43','2016-05-25 14:00:43'),
	(67,9,61,3,'element','2016-05-25 14:01:12','2016-05-25 14:01:12'),
	(68,9,67,1,'button','2016-05-25 14:01:24','2016-05-25 14:01:24'),
	(69,9,61,4,'element','2016-05-25 14:02:10','2016-05-25 14:02:10'),
	(70,9,69,1,'button','2016-05-25 14:02:17','2016-05-25 14:02:17'),
	(71,9,61,5,'element','2016-05-25 14:02:49','2016-05-25 14:02:49'),
	(72,9,71,1,'button','2016-05-25 14:03:02','2016-05-25 14:03:02'),
	(73,10,NULL,2,'text','2016-05-25 14:45:43','2016-05-25 15:56:28'),
	(74,11,NULL,2,'text','2016-05-25 14:46:51','2016-05-25 16:00:21'),
	(75,10,NULL,1,'text','2016-05-25 15:56:26','2016-05-25 15:56:28'),
	(76,12,NULL,1,'text','2016-05-25 15:57:36','2016-05-25 15:59:37'),
	(77,12,NULL,2,'buttons','2016-05-25 15:58:03','2016-05-25 15:58:03'),
	(78,12,77,1,'button','2016-05-25 15:58:13','2016-05-25 15:58:13'),
	(79,12,77,2,'button','2016-05-25 15:58:24','2016-05-25 15:58:24'),
	(80,11,NULL,1,'text','2016-05-25 16:00:19','2016-05-25 16:00:21'),
	(81,13,NULL,1,'carousel','2016-05-25 16:02:29','2016-05-25 16:02:29'),
	(82,13,81,1,'element','2016-05-25 16:05:01','2016-05-25 16:05:01'),
	(83,13,82,1,'button','2016-05-25 16:05:25','2016-05-25 16:05:25'),
	(85,14,NULL,1,'text','2016-05-25 16:13:04','2016-05-25 16:13:04'),
	(86,14,NULL,2,'carousel','2016-05-25 16:13:47','2016-05-25 16:13:47'),
	(87,14,86,1,'element','2016-05-25 16:15:11','2016-05-25 16:15:11'),
	(88,14,86,2,'element','2016-05-25 16:16:34','2016-05-25 16:16:56'),
	(89,14,86,3,'element','2016-05-25 16:18:03','2016-05-25 16:18:03'),
	(91,12,NULL,3,'buttons','2016-05-25 16:23:14','2016-05-25 16:23:22'),
	(92,12,91,1,'button','2016-05-25 16:23:33','2016-05-25 16:23:33'),
	(93,12,91,2,'button','2016-05-25 16:23:43','2016-05-25 16:23:43'),
	(94,12,NULL,4,'buttons','2016-05-25 16:30:39','2016-05-25 16:30:39'),
	(95,12,94,1,'button','2016-05-25 16:31:15','2016-05-25 16:53:36'),
	(96,15,NULL,1,'carousel','2016-05-25 16:39:14','2016-05-25 16:39:14'),
	(97,15,96,1,'element','2016-05-25 16:39:57','2016-05-25 16:39:57'),
	(98,16,NULL,1,'buttons','2016-05-25 16:47:50','2016-05-25 16:47:50'),
	(99,16,98,3,'button','2016-05-25 16:48:09','2016-05-25 17:12:12'),
	(100,16,98,2,'button','2016-05-25 16:48:24','2016-05-25 16:51:55'),
	(101,17,NULL,1,'buttons','2016-05-25 16:50:10','2016-05-25 16:50:10'),
	(102,17,101,2,'button','2016-05-25 16:50:20','2016-05-25 16:50:39'),
	(103,17,101,1,'button','2016-05-25 16:50:31','2016-05-25 16:50:39'),
	(104,17,101,3,'button','2016-05-25 16:50:56','2016-05-25 17:12:34'),
	(105,16,98,1,'button','2016-05-25 16:51:48','2016-05-25 16:53:53'),
	(106,15,97,1,'button','2016-05-25 16:52:33','2016-05-25 16:57:27'),
	(107,15,97,2,'button','2016-05-25 16:52:45','2016-05-25 16:57:19'),
	(108,15,97,3,'button','2016-05-25 16:52:55','2016-05-25 16:52:55'),
	(109,12,94,2,'button','2016-05-25 16:53:26','2016-05-25 16:53:26'),
	(110,18,NULL,1,'buttons','2016-05-25 17:00:04','2016-05-25 17:00:04'),
	(111,18,110,1,'button','2016-05-25 17:00:36','2016-05-25 17:00:36'),
	(112,12,94,3,'button','2016-05-25 17:01:09','2016-05-25 17:01:18'),
	(113,19,NULL,1,'buttons','2016-05-25 17:10:06','2016-05-25 17:10:06'),
	(114,19,113,1,'button','2016-05-25 17:10:19','2016-05-25 17:10:28'),
	(115,19,113,2,'button','2016-05-25 17:10:41','2016-05-25 17:10:41'),
	(116,19,113,3,'button','2016-05-25 17:10:56','2016-05-25 17:10:56'),
	(117,20,NULL,2,'text','2016-05-25 17:14:16','2016-06-10 05:36:47'),
	(118,20,NULL,3,'text','2016-05-25 17:14:36','2016-06-10 05:37:38'),
	(119,14,86,4,'element','2016-05-25 17:19:19','2016-05-25 17:19:19'),
	(120,21,NULL,1,'buttons','2016-05-25 17:20:17','2016-05-25 17:20:17'),
	(121,21,120,1,'button','2016-05-25 17:20:38','2016-05-25 17:20:38'),
	(122,20,NULL,1,'text','2016-06-10 05:36:06','2016-06-10 05:36:23'),
	(123,1,NULL,3,'text','2016-06-10 05:38:50','2016-06-29 04:57:01'),
	(124,1,NULL,5,'text','2016-06-10 05:40:02','2016-06-10 05:40:37'),
	(125,22,NULL,1,'text','2016-06-28 18:12:33','2016-06-28 18:12:33'),
	(126,22,NULL,2,'chat_toggle','2016-06-28 18:12:44','2016-06-28 18:12:44'),
	(127,23,NULL,2,'chat_toggle','2016-06-28 18:16:16','2016-06-28 18:16:40'),
	(128,23,NULL,1,'text','2016-06-28 18:16:36','2016-06-28 18:16:40'),
	(129,24,NULL,1,'text','2016-06-28 18:19:54','2016-06-28 18:19:54'),
	(130,24,NULL,2,'rss','2016-06-28 18:20:41','2016-06-28 18:20:41'),
	(131,25,NULL,2,'save_input','2016-06-28 18:26:52','2016-06-28 18:27:17'),
	(132,25,NULL,1,'text','2016-06-28 18:27:14','2016-06-28 18:27:17'),
	(134,1,NULL,8,'text','2016-06-29 04:53:50','2016-06-29 04:54:10'),
	(135,1,NULL,9,'text','2016-06-29 04:55:04','2016-07-12 05:41:55'),
	(136,1,NULL,11,'text','2016-06-29 04:56:21','2016-06-29 04:57:14'),
	(137,27,NULL,1,'callback','2016-07-12 05:44:02','2016-07-12 05:44:02'),
	(138,28,NULL,1,'quick_replies','2016-07-12 05:47:14','2016-07-12 05:49:14'),
	(139,29,NULL,2,'save_input','2016-07-12 05:48:26','2016-07-12 05:50:31'),
	(140,28,138,1,'quick_reply','2016-07-12 05:49:25','2016-07-12 05:49:25'),
	(141,28,138,2,'quick_reply','2016-07-12 05:49:41','2016-07-12 05:49:41'),
	(142,28,138,3,'quick_reply','2016-07-12 05:49:53','2016-07-12 05:49:53'),
	(143,29,NULL,1,'text','2016-07-12 05:50:28','2016-07-12 05:50:31'),
	(144,30,NULL,1,'text','2016-07-12 05:53:13','2016-07-12 05:53:13'),
	(145,31,NULL,1,'buttons','2016-07-12 05:53:53','2016-07-12 05:53:53'),
	(146,31,145,1,'button','2016-07-12 05:54:10','2016-07-12 05:54:10'),
	(147,31,145,2,'button','2016-07-12 05:54:30','2016-07-12 05:54:30'),
	(148,31,145,3,'button','2016-07-12 05:54:55','2016-07-12 05:54:55'),
	(149,30,NULL,2,'text','2016-07-12 06:24:57','2016-07-12 06:24:57'),
	(150,32,NULL,1,'subscribe','2016-07-20 13:05:39','2016-07-20 13:05:39'),
	(152,33,NULL,1,'subscribe','2016-07-20 13:06:29','2016-07-20 13:06:29'),
	(153,33,NULL,2,'text','2016-07-20 13:06:58','2016-07-20 13:06:58'),
	(154,32,NULL,2,'buttons','2016-07-20 13:07:52','2016-07-20 13:07:52'),
	(155,32,154,1,'button','2016-07-20 13:08:07','2016-07-20 13:08:07');

INSERT INTO `responds_taxonomies_params` (`id`, `respond_taxonomy_id`, `order`, `key`, `value`, `created_at`, `updated_at`)
VALUES
	(1,1,0,'text','BOT builder price is just $15, couple cups of coffee and you have your own BOT :)','2016-05-25 12:56:55','2016-05-25 12:56:55'),
	(2,2,0,'option','web_url','2016-05-25 12:57:35','2016-05-25 12:57:35'),
	(3,2,1,'title','Yes, I want this!','2016-05-25 12:57:35','2016-05-25 12:57:35'),
	(4,2,2,'url','http://codecanyon.net/item/facebook-messenger-bot-gui-builder/15871554?ref=edvinaskrucas','2016-05-25 12:57:35','2016-05-25 12:57:35'),
	(5,3,0,'option','web_url','2016-05-25 12:58:00','2016-05-25 12:58:00'),
	(6,3,1,'title','Preview','2016-05-25 12:58:00','2016-05-25 12:58:00'),
	(7,3,2,'url','https://bot.krucas.com','2016-05-25 12:58:00','2016-05-25 12:58:00'),
	(8,4,0,'option','postback','2016-05-25 12:58:11','2016-05-25 12:58:11'),
	(9,4,1,'title','Features','2016-05-25 12:58:11','2016-05-25 12:58:11'),
	(10,4,2,'respond','1','2016-05-25 12:58:11','2016-05-25 12:58:11'),
	(11,5,0,'text','Numerous buildable response types: Carousel, image, text, buttons, audio, video, file, quick replies, callbacks, RSS','2016-05-25 12:58:51','2016-07-12 05:41:21'),
	(12,6,0,'text','GUI builder: Build responses with integrated GUI builder – no coding skills required','2016-05-25 12:59:04','2016-05-25 12:59:04'),
	(13,7,0,'text','Bots: Handle as many bots as you need','2016-05-25 12:59:17','2016-05-25 12:59:17'),
	(14,8,0,'text','One Facebook Application: One app for all bots – one facebook application is used for all bots','2016-05-25 12:59:32','2016-05-25 12:59:32'),
	(15,9,0,'text','Communication Log: View log off incoming messages and responses','2016-05-25 12:59:47','2016-05-25 12:59:47'),
	(16,10,0,'text','Modern: Application built on Laravel 5.2 framework','2016-05-25 13:00:00','2016-05-25 13:00:00'),
	(17,11,0,'text','Sounds cool yeah? :)','2016-05-25 13:00:17','2016-05-25 13:00:17'),
	(18,12,0,'option','web_url','2016-05-25 13:00:32','2016-05-25 13:00:32'),
	(19,12,1,'title','Yes, I want this!','2016-05-25 13:00:32','2016-05-25 13:00:32'),
	(20,12,2,'url','http://codecanyon.net/item/facebook-messenger-bot-gui-builder/15871554?ref=edvinaskrucas','2016-05-25 13:00:32','2016-05-25 13:00:32'),
	(30,16,0,'option','web_url','2016-05-25 13:09:21','2016-05-25 13:09:21'),
	(31,16,1,'title','Preview','2016-05-25 13:09:21','2016-05-25 13:09:21'),
	(32,16,2,'url','https://bot.krucas.com','2016-05-25 13:09:21','2016-05-25 13:09:21'),
	(33,17,0,'option','postback','2016-05-25 13:09:50','2016-05-25 13:09:50'),
	(34,17,1,'title','Price?','2016-05-25 13:09:50','2016-05-25 13:09:50'),
	(35,17,2,'respond','2','2016-05-25 13:09:50','2016-05-25 13:09:50'),
	(36,19,0,'title','Facebook Messenger BOT GUI Builder','2016-05-25 13:11:16','2016-05-25 13:11:16'),
	(37,19,1,'sub_title','Build your own Facebook Messenger BOT','2016-05-25 13:11:16','2016-05-25 13:11:16'),
	(38,19,2,'image_url','https://image-cc.s3.envato.com/files/183233681/preview.jpg','2016-05-25 13:11:16','2016-05-25 13:11:16'),
	(39,20,0,'option','postback','2016-05-25 13:11:31','2016-05-25 13:11:31'),
	(40,20,1,'title','Features','2016-05-25 13:11:31','2016-05-25 13:11:31'),
	(41,20,2,'respond','1','2016-05-25 13:11:31','2016-05-25 13:11:31'),
	(42,21,0,'option','postback','2016-05-25 13:11:41','2016-05-25 13:11:41'),
	(43,21,1,'title','Price?','2016-05-25 13:11:41','2016-05-25 13:11:41'),
	(44,21,2,'respond','2','2016-05-25 13:11:41','2016-05-25 13:11:41'),
	(45,22,0,'option','web_url','2016-05-25 13:11:54','2016-05-25 13:11:54'),
	(46,22,1,'title','Preview','2016-05-25 13:11:54','2016-05-25 13:24:52'),
	(47,22,2,'url','http://codecanyon.net/item/facebook-messenger-bot-gui-builder/15871554?ref=edvinaskrucas','2016-05-25 13:11:54','2016-05-25 13:11:54'),
	(51,24,0,'text','Here is a list of bennefits for Eddie, The Poster:','2016-05-25 13:16:24','2016-05-25 13:28:41'),
	(52,25,0,'title','Eddie, The Poster','2016-05-25 13:18:23','2016-05-25 13:18:23'),
	(53,25,1,'sub_title','Facebook multi account post scheduler','2016-05-25 13:18:23','2016-05-25 13:18:23'),
	(54,25,2,'image_url','https://image-cc.s3.envato.com/files/186936283/preview.jpg','2016-05-25 13:18:23','2016-05-25 13:18:23'),
	(55,26,0,'text','Here is a list of features:','2016-05-25 13:26:20','2016-05-25 13:26:20'),
	(56,27,0,'text','Traffic increase: Increase incoming traffic from social networks','2016-05-25 13:28:57','2016-05-25 13:28:57'),
	(57,28,0,'text','Save time: Share your content to your accounts with a click of a button, it takes few seconds','2016-05-25 13:29:11','2016-05-25 13:29:11'),
	(58,29,0,'text','Automate: Automate your content few days / weeks / months ahead, app will take care of the rest','2016-05-25 13:29:45','2016-05-25 13:29:45'),
	(59,30,0,'text','Monitor: Check when and where your messages were posted','2016-05-25 13:29:56','2016-05-25 13:30:02'),
	(60,31,0,'option','url','2016-05-25 13:30:43','2016-05-25 13:30:43'),
	(61,31,1,'url','http://demo.eddietheposter.com/traffic_increase.png','2016-05-25 13:30:43','2016-05-25 13:30:52'),
	(62,32,0,'text','Sounds cool yeah? :)','2016-05-25 13:31:30','2016-05-25 13:31:30'),
	(63,33,0,'option','web_url','2016-05-25 13:31:54','2016-05-25 13:31:54'),
	(64,33,1,'title','Yes, I want this!','2016-05-25 13:31:54','2016-05-25 13:31:54'),
	(65,33,2,'url','http://codecanyon.net/item/eddie-the-poster-facebook-multi-account-post-scheduler/16205387?ref=edvinaskrucas','2016-05-25 13:31:54','2016-05-25 13:31:54'),
	(66,34,0,'option','web_url','2016-05-25 13:32:15','2016-05-25 13:32:15'),
	(67,34,1,'title','Preview','2016-05-25 13:32:15','2016-05-25 13:32:15'),
	(68,34,2,'url','http://demo.eddietheposter.com','2016-05-25 13:32:15','2016-05-25 13:32:15'),
	(69,35,0,'text','Scheduler will cost you $15, not that much for what it can do :)','2016-05-25 13:33:16','2016-05-25 13:33:16'),
	(70,36,0,'option','web_url','2016-05-25 13:33:41','2016-05-25 13:33:41'),
	(71,36,1,'title','Yes, I want this!','2016-05-25 13:33:41','2016-05-25 13:33:41'),
	(72,36,2,'url','http://codecanyon.net/item/eddie-the-poster-facebook-multi-account-post-scheduler/16205387?ref=edvinaskrucas','2016-05-25 13:33:41','2016-05-25 13:33:41'),
	(73,37,0,'option','web_url','2016-05-25 13:33:55','2016-05-25 13:33:55'),
	(74,37,1,'title','Preview','2016-05-25 13:33:55','2016-05-25 13:33:55'),
	(75,37,2,'url','http://demo.eddietheposter.com','2016-05-25 13:33:55','2016-05-25 13:33:55'),
	(76,38,0,'option','postback','2016-05-25 13:34:07','2016-05-25 13:34:07'),
	(77,38,1,'title','Bennefits','2016-05-25 13:34:07','2016-05-25 13:34:07'),
	(78,38,2,'respond','4','2016-05-25 13:34:07','2016-05-25 13:34:07'),
	(79,39,0,'option','postback','2016-05-25 13:34:39','2016-05-25 13:34:39'),
	(80,39,1,'title','Bennefits','2016-05-25 13:34:39','2016-05-25 13:37:31'),
	(82,40,0,'option','postback','2016-05-25 13:35:05','2016-05-25 13:35:05'),
	(83,40,1,'title','Price?','2016-05-25 13:35:05','2016-05-25 13:35:05'),
	(84,40,2,'respond','5','2016-05-25 13:35:05','2016-05-25 13:35:05'),
	(85,41,0,'option','web_url','2016-05-25 13:35:20','2016-05-25 13:35:20'),
	(86,41,1,'title','Preview','2016-05-25 13:35:20','2016-05-25 13:35:20'),
	(87,41,2,'url','http://codecanyon.net/item/eddie-the-poster-facebook-multi-account-post-scheduler/16205387?ref=edvinaskrucas','2016-05-25 13:35:20','2016-05-25 13:35:20'),
	(88,39,2,'respond','4','2016-05-25 13:37:31','2016-05-25 13:37:31'),
	(89,42,0,'option','postback','2016-05-25 13:38:41','2016-05-25 13:38:41'),
	(90,42,1,'title','Price?','2016-05-25 13:38:41','2016-05-25 13:38:41'),
	(91,42,2,'respond','5','2016-05-25 13:38:41','2016-05-25 13:38:41'),
	(92,43,0,'title','Social Followers Analytics','2016-05-25 13:42:36','2016-05-25 13:42:36'),
	(93,43,1,'sub_title','A tool to track your website daily social followers performance','2016-05-25 13:42:36','2016-05-25 13:42:36'),
	(94,43,2,'image_url','https://image-cc.s3.envato.com/files/179729304/preview.jpg','2016-05-25 13:42:36','2016-05-25 13:42:36'),
	(95,44,0,'title','Social Analytics for Webmasters','2016-05-25 13:42:58','2016-05-25 13:42:58'),
	(96,44,1,'sub_title','Track how many times your links has been shared','2016-05-25 13:42:58','2016-05-25 13:42:58'),
	(97,44,2,'image_url','https://image-cc.s3.envato.com/files/177663052/preview.jpg','2016-05-25 13:42:58','2016-05-25 13:42:58'),
	(98,45,0,'title','Niche Job Ads','2016-05-25 13:43:18','2016-05-25 13:43:18'),
	(99,45,1,'sub_title','Run your own niche job board with this simple to use php script!','2016-05-25 13:43:18','2016-05-25 13:43:18'),
	(100,45,2,'image_url','https://image-cc.s3.envato.com/files/161082119/Preview.jpg','2016-05-25 13:43:18','2016-05-25 13:43:18'),
	(101,46,0,'option','web_url','2016-05-25 13:43:55','2016-05-25 13:43:55'),
	(102,46,1,'title','Preview','2016-05-25 13:43:55','2016-05-25 13:43:55'),
	(103,46,2,'url','http://codecanyon.net/item/social-followers-analytics/15582567?ref=edvinaskrucas','2016-05-25 13:43:55','2016-05-25 13:43:55'),
	(104,47,0,'option','web_url','2016-05-25 13:44:30','2016-05-25 13:44:30'),
	(105,47,1,'title','Preview','2016-05-25 13:44:30','2016-05-25 13:44:30'),
	(106,47,2,'url','http://codecanyon.net/item/social-analytics-for-webmasters/15405261?ref=edvinaskrucas','2016-05-25 13:44:30','2016-05-25 13:44:30'),
	(107,48,0,'option','web_url','2016-05-25 13:44:53','2016-05-25 13:44:53'),
	(108,48,1,'title','Preview','2016-05-25 13:44:53','2016-05-25 13:44:53'),
	(109,48,2,'url','http://codecanyon.net/item/niche-job-ads/11546414?ref=edvinaskrucas','2016-05-25 13:44:53','2016-05-25 13:44:53'),
	(110,49,0,'option','postback','2016-05-25 13:47:06','2016-05-25 13:47:06'),
	(111,49,1,'title','Price?','2016-05-25 13:47:06','2016-05-25 13:47:06'),
	(112,49,2,'respond','6','2016-05-25 13:47:06','2016-05-25 13:47:06'),
	(113,50,0,'option','postback','2016-05-25 13:47:24','2016-05-25 13:47:24'),
	(114,50,1,'title','Price?','2016-05-25 13:47:24','2016-05-25 13:47:24'),
	(115,50,2,'respond','8','2016-05-25 13:47:24','2016-05-25 13:47:24'),
	(116,51,0,'option','postback','2016-05-25 13:47:41','2016-05-25 13:47:41'),
	(117,51,1,'title','Price?','2016-05-25 13:47:41','2016-05-25 13:47:41'),
	(118,51,2,'respond','7','2016-05-25 13:47:41','2016-05-25 13:47:41'),
	(119,52,0,'text','It costs $20, don`t forget that it will help you to track link shares each day ;)','2016-05-25 13:49:46','2016-05-25 13:56:02'),
	(120,53,0,'option','web_url','2016-05-25 13:50:23','2016-05-25 13:50:23'),
	(121,53,1,'title','Yes, I want this!','2016-05-25 13:50:23','2016-05-25 13:50:23'),
	(122,53,2,'url','http://codecanyon.net/item/social-followers-analytics/15582567?ref=edvinaskrucas','2016-05-25 13:50:23','2016-05-25 13:50:23'),
	(123,54,0,'option','web_url','2016-05-25 13:50:58','2016-05-25 13:50:58'),
	(124,54,1,'title','Preview','2016-05-25 13:50:58','2016-05-25 13:50:58'),
	(125,54,2,'url','http://socialanalytics.krucas.com','2016-05-25 13:50:58','2016-05-25 13:52:22'),
	(126,55,0,'text','It costs $20, don`t forget that it will help you to track followers each day ;)','2016-05-25 13:51:45','2016-05-25 13:51:45'),
	(127,56,0,'option','web_url','2016-05-25 13:52:00','2016-05-25 13:52:00'),
	(128,56,1,'title','Yes, I want this!','2016-05-25 13:52:00','2016-05-25 13:52:00'),
	(129,56,2,'url','http://codecanyon.net/item/social-analytics-for-webmasters/15405261?ref=edvinaskrucas','2016-05-25 13:52:00','2016-05-25 13:53:04'),
	(130,57,0,'option','web_url','2016-05-25 13:52:11','2016-05-25 13:52:11'),
	(131,57,1,'title','Preview','2016-05-25 13:52:11','2016-05-25 13:52:11'),
	(132,57,2,'url','http://socialfollowers.krucas.com','2016-05-25 13:52:11','2016-05-25 13:52:11'),
	(133,58,0,'text','Its just $16','2016-05-25 13:53:38','2016-05-25 13:53:38'),
	(134,59,0,'option','web_url','2016-05-25 13:54:00','2016-05-25 13:54:00'),
	(135,59,1,'title','Yes, I want this!','2016-05-25 13:54:00','2016-05-25 13:54:00'),
	(136,59,2,'url','http://codecanyon.net/item/niche-job-ads/11546414?ref=edvinaskrucas','2016-05-25 13:54:00','2016-05-25 13:54:00'),
	(137,60,0,'option','web_url','2016-05-25 13:54:12','2016-05-25 13:54:12'),
	(138,60,1,'title','Preview','2016-05-25 13:54:12','2016-05-25 13:54:12'),
	(139,60,2,'url','http://www.nichejobads.com','2016-05-25 13:54:12','2016-05-25 13:54:12'),
	(140,62,0,'title','Pinterest Followers','2016-05-25 13:57:48','2016-05-25 13:57:48'),
	(141,62,1,'sub_title','Just for $10','2016-05-25 13:57:48','2016-05-25 13:57:48'),
	(142,62,2,'image_url','https://image-cc.s3.envato.com/files/180870931/preview.jpg','2016-05-25 13:57:48','2016-05-25 13:58:14'),
	(143,63,0,'option','web_url','2016-05-25 13:58:01','2016-05-25 13:58:01'),
	(144,63,1,'title','Buy NOW!','2016-05-25 13:58:01','2016-05-25 13:58:01'),
	(145,63,2,'url','http://codecanyon.net/item/pinterest-followers-for-social-followers-analytics/15684937?ref=edvinaskrucas','2016-05-25 13:58:01','2016-05-25 13:58:01'),
	(146,64,0,'option','postback','2016-05-25 13:58:46','2016-05-25 13:58:46'),
	(147,64,1,'title','Add-ons','2016-05-25 13:58:46','2016-05-25 13:58:46'),
	(148,64,2,'respond','9','2016-05-25 13:58:46','2016-05-25 13:58:46'),
	(149,65,0,'title','YouTube Subscribers','2016-05-25 14:00:29','2016-05-25 14:00:29'),
	(150,65,1,'sub_title','Just for $10','2016-05-25 14:00:29','2016-05-25 14:00:29'),
	(151,65,2,'image_url','https://image-cc.s3.envato.com/files/181498470/preview.jpg','2016-05-25 14:00:29','2016-05-25 14:00:29'),
	(152,66,0,'option','web_url','2016-05-25 14:00:43','2016-05-25 14:00:43'),
	(153,66,1,'title','Buy NOW!','2016-05-25 14:00:43','2016-05-25 14:00:43'),
	(154,66,2,'url','http://codecanyon.net/item/youtube-subscribers-for-social-followers-analytics/15737271?ref=edvinaskrucas','2016-05-25 14:00:43','2016-05-25 14:00:43'),
	(155,67,0,'title','VK Followers','2016-05-25 14:01:12','2016-05-25 14:01:12'),
	(156,67,1,'sub_title','Just for $10','2016-05-25 14:01:12','2016-05-25 14:01:12'),
	(157,67,2,'image_url','https://image-cc.s3.envato.com/files/181728417/preview.jpg','2016-05-25 14:01:12','2016-05-25 14:01:12'),
	(158,68,0,'option','web_url','2016-05-25 14:01:24','2016-05-25 14:01:24'),
	(159,68,1,'title','Buy NOW!','2016-05-25 14:01:24','2016-05-25 14:01:24'),
	(160,68,2,'url','http://codecanyon.net/item/vk-followers-for-social-followers-analytics/15756374?ref=edvinaskrucas','2016-05-25 14:01:24','2016-05-25 14:01:24'),
	(161,69,0,'title','Google+ Followers','2016-05-25 14:02:10','2016-05-25 14:02:10'),
	(162,69,1,'sub_title','Just for $10','2016-05-25 14:02:10','2016-05-25 14:02:10'),
	(163,69,2,'image_url','https://image-cc.s3.envato.com/files/182997162/preview.jpg','2016-05-25 14:02:10','2016-05-25 14:02:10'),
	(164,70,0,'option','web_url','2016-05-25 14:02:17','2016-05-25 14:02:17'),
	(165,70,1,'title','Buy NOW!','2016-05-25 14:02:17','2016-05-25 14:02:17'),
	(166,70,2,'url','http://codecanyon.net/item/google-followers-for-social-followers-analytics/15850373?ref=edvinaskrucas','2016-05-25 14:02:17','2016-05-25 14:02:17'),
	(167,71,0,'title','SoundCloud Followers','2016-05-25 14:02:49','2016-05-25 14:02:49'),
	(168,71,1,'sub_title','Just for $10','2016-05-25 14:02:49','2016-05-25 14:02:49'),
	(169,71,2,'image_url','https://image-cc.s3.envato.com/files/185441663/preview.jpg','2016-05-25 14:02:49','2016-05-25 14:02:49'),
	(170,72,0,'option','web_url','2016-05-25 14:03:02','2016-05-25 14:03:02'),
	(171,72,1,'title','Buy NOW!','2016-05-25 14:03:02','2016-05-25 14:03:02'),
	(172,72,2,'url','http://codecanyon.net/item/soundcloud-followers-for-social-followers-analytics/16078323?ref=edvinaskrucas','2016-05-25 14:03:02','2016-05-25 14:03:02'),
	(173,73,0,'text','PHP, MySQL, JavaScript, GIT, CSS, jQuery, MVC, OOP, HTML, ElasticSearch...','2016-05-25 14:45:43','2016-05-25 15:48:42'),
	(174,74,0,'text','Laravel, Silex, Lumen, OXID e-Sales','2016-05-25 14:46:51','2016-05-25 15:49:26'),
	(175,75,0,'text','Here are some keywords for you:','2016-05-25 15:56:26','2016-05-25 15:56:26'),
	(176,76,0,'text','Cool, you are interested in my CV!','2016-05-25 15:57:36','2016-05-25 15:59:37'),
	(177,77,0,'text','What kind of info you want to know?','2016-05-25 15:58:03','2016-05-25 15:58:03'),
	(178,78,0,'option','postback','2016-05-25 15:58:13','2016-05-25 15:58:13'),
	(179,78,1,'title','Skills','2016-05-25 15:58:13','2016-05-25 15:58:13'),
	(180,78,2,'respond','10','2016-05-25 15:58:13','2016-05-25 15:58:13'),
	(181,79,0,'option','postback','2016-05-25 15:58:24','2016-05-25 15:58:24'),
	(182,79,1,'title','Frameworks and Platforms','2016-05-25 15:58:24','2016-05-25 15:58:24'),
	(183,79,2,'respond','11','2016-05-25 15:58:24','2016-05-25 15:58:24'),
	(184,80,0,'text','I have extensive knowledge in working with these frameworks:','2016-05-25 16:00:19','2016-05-25 16:00:19'),
	(185,82,0,'title','Zend Certified Engineer','2016-05-25 16:05:01','2016-05-25 16:05:01'),
	(186,82,1,'sub_title','Since November 2014','2016-05-25 16:05:01','2016-05-25 16:05:01'),
	(187,82,2,'image_url','http://static.zend.com/cmsdata/training-images/logos/zce-php-engineer-logo-l.jpg','2016-05-25 16:05:01','2016-05-25 16:05:01'),
	(188,83,0,'option','web_url','2016-05-25 16:05:25','2016-05-25 16:05:25'),
	(189,83,1,'title','Verify certification','2016-05-25 16:05:25','2016-05-25 16:05:25'),
	(190,83,2,'url','http://www.zend.com/en/yellow-pages/ZEND025595','2016-05-25 16:05:25','2016-05-25 16:05:25'),
	(194,85,0,'text','I haven`t worked for dozens of companies, but here are some of it:','2016-05-25 16:13:04','2016-05-25 16:13:04'),
	(195,87,0,'title','Freelance','2016-05-25 16:15:11','2016-05-25 16:15:11'),
	(196,87,1,'sub_title','Dec. 2011 - Feb. 2013','2016-05-25 16:15:11','2016-05-25 16:15:11'),
	(197,87,2,'image_url','http://under30ceo.com/wp-content/uploads/2015/01/Freelance.jpg','2016-05-25 16:15:11','2016-05-25 16:15:11'),
	(198,88,0,'title','Software Engineer at NFQ','2016-05-25 16:16:34','2016-05-25 16:16:34'),
	(199,88,1,'sub_title','Feb. 2013 - May 2015','2016-05-25 16:16:34','2016-05-25 16:16:34'),
	(200,88,2,'image_url','https://upload.wikimedia.org/wikipedia/lt/4/4c/Nfq-logo.png','2016-05-25 16:16:34','2016-05-25 16:16:56'),
	(201,89,0,'title','Software Engineer at superReal.de','2016-05-25 16:18:03','2016-05-25 16:18:03'),
	(202,89,1,'sub_title','Aug. 2014 - Apr. 2015','2016-05-25 16:18:03','2016-05-25 16:18:03'),
	(203,89,2,'image_url','https://www.xing.com/img/custom/cp/assets/logo/3/a/4/127908/logo/superReal20140305-25668-x8dadk.jpg','2016-05-25 16:18:03','2016-05-25 16:18:03'),
	(209,91,0,'text','You also can check my experience and certifications','2016-05-25 16:23:14','2016-05-25 16:23:22'),
	(210,92,0,'option','postback','2016-05-25 16:23:33','2016-05-25 16:23:33'),
	(211,92,1,'title','Experience','2016-05-25 16:23:33','2016-05-25 16:23:33'),
	(212,92,2,'respond','14','2016-05-25 16:23:33','2016-05-25 16:23:33'),
	(213,93,0,'option','postback','2016-05-25 16:23:43','2016-05-25 16:23:43'),
	(214,93,1,'title','Certifications','2016-05-25 16:23:43','2016-05-25 16:23:43'),
	(215,93,2,'respond','13','2016-05-25 16:23:43','2016-05-25 16:23:43'),
	(216,94,0,'text','If above seems to be boring, then you might be interested in my portfolio?','2016-05-25 16:30:39','2016-05-25 16:30:39'),
	(217,95,0,'option','postback','2016-05-25 16:31:16','2016-05-25 16:31:16'),
	(218,95,1,'title','CodeCanyon portfolio','2016-05-25 16:31:16','2016-05-25 16:53:36'),
	(220,97,0,'title','Rinka.lt','2016-05-25 16:39:57','2016-05-25 16:39:57'),
	(221,97,1,'sub_title','Classifieds ads in Lithuania','2016-05-25 16:39:57','2016-05-25 16:39:57'),
	(222,97,2,'image_url','http://rinka.lt/img/logo.png','2016-05-25 16:39:57','2016-05-25 16:39:57'),
	(223,98,0,'text','I was a core developer for this bot','2016-05-25 16:47:50','2016-05-25 16:47:50'),
	(224,99,0,'option','postback','2016-05-25 16:48:09','2016-05-25 16:48:09'),
	(225,99,1,'title','Back to portfolio','2016-05-25 16:48:09','2016-05-25 17:12:12'),
	(227,100,0,'option','web_url','2016-05-25 16:48:24','2016-05-25 16:48:24'),
	(228,100,1,'title','Website','2016-05-25 16:48:24','2016-05-25 16:48:24'),
	(229,100,2,'url','http://rinka.lt','2016-05-25 16:48:24','2016-05-25 16:48:24'),
	(230,101,0,'text','We have used Laravel 5, ElasticSearch, MySQL, Redis, nginx for this bot','2016-05-25 16:50:10','2016-05-25 16:50:10'),
	(231,102,0,'option','web_url','2016-05-25 16:50:20','2016-05-25 16:50:20'),
	(232,102,1,'title','Website','2016-05-25 16:50:20','2016-05-25 16:50:20'),
	(233,102,2,'url','http://rinka.lt','2016-05-25 16:50:20','2016-05-25 16:50:20'),
	(234,103,0,'option','postback','2016-05-25 16:50:31','2016-05-25 16:50:31'),
	(235,103,1,'title','My role','2016-05-25 16:50:31','2016-05-25 16:50:31'),
	(236,103,2,'respond','16','2016-05-25 16:50:31','2016-05-25 16:50:31'),
	(237,104,0,'option','postback','2016-05-25 16:50:56','2016-05-25 16:50:56'),
	(238,104,1,'title','Back to portfolio','2016-05-25 16:50:56','2016-05-25 17:12:34'),
	(240,105,0,'option','postback','2016-05-25 16:51:48','2016-05-25 16:51:48'),
	(241,105,1,'title','Tech stack','2016-05-25 16:51:48','2016-05-25 16:53:53'),
	(243,106,0,'option','postback','2016-05-25 16:52:33','2016-05-25 16:52:33'),
	(244,106,1,'title','My role','2016-05-25 16:52:33','2016-05-25 16:57:27'),
	(246,107,0,'option','postback','2016-05-25 16:52:45','2016-05-25 16:52:45'),
	(247,107,1,'title','Tech stack','2016-05-25 16:52:45','2016-05-25 16:57:19'),
	(249,108,0,'option','web_url','2016-05-25 16:52:55','2016-05-25 16:52:55'),
	(250,108,1,'title','Website','2016-05-25 16:52:55','2016-05-25 16:52:55'),
	(251,108,2,'url','http://rinka.lt','2016-05-25 16:52:55','2016-05-25 16:52:55'),
	(252,109,0,'option','postback','2016-05-25 16:53:26','2016-05-25 16:53:26'),
	(253,109,1,'title','Recent bots','2016-05-25 16:53:26','2016-05-25 16:53:26'),
	(254,109,2,'respond','15','2016-05-25 16:53:26','2016-05-25 16:53:26'),
	(255,95,2,'respond','3','2016-05-25 16:53:36','2016-05-25 16:53:36'),
	(256,105,2,'respond','17','2016-05-25 16:53:53','2016-05-25 16:53:53'),
	(257,107,2,'respond','17','2016-05-25 16:57:19','2016-05-25 16:57:19'),
	(258,106,2,'respond','16','2016-05-25 16:57:27','2016-05-25 16:57:27'),
	(259,110,0,'text','Great that you like open-source! You can check my profiles','2016-05-25 17:00:04','2016-05-25 17:00:04'),
	(260,111,0,'option','web_url','2016-05-25 17:00:36','2016-05-25 17:00:36'),
	(261,111,1,'title','on GitHub','2016-05-25 17:00:36','2016-05-25 17:00:36'),
	(262,111,2,'url','https://github.com/edvinaskrucas','2016-05-25 17:00:36','2016-05-25 17:00:36'),
	(263,112,0,'option','postback','2016-05-25 17:01:09','2016-05-25 17:01:09'),
	(264,112,1,'title','Open-source','2016-05-25 17:01:09','2016-05-25 17:01:18'),
	(266,112,2,'respond','18','2016-05-25 17:01:18','2016-05-25 17:01:18'),
	(267,113,0,'text','Which section you want to check?','2016-05-25 17:10:06','2016-05-25 17:10:06'),
	(268,114,0,'option','postback','2016-05-25 17:10:19','2016-05-25 17:10:19'),
	(269,114,1,'title','CodeCanyon portfolio','2016-05-25 17:10:19','2016-05-25 17:10:28'),
	(271,114,2,'respond','3','2016-05-25 17:10:28','2016-05-25 17:10:28'),
	(272,115,0,'option','postback','2016-05-25 17:10:41','2016-05-25 17:10:41'),
	(273,115,1,'title','Recent bots','2016-05-25 17:10:41','2016-05-25 17:10:41'),
	(274,115,2,'respond','15','2016-05-25 17:10:41','2016-05-25 17:10:41'),
	(275,116,0,'option','postback','2016-05-25 17:10:56','2016-05-25 17:10:56'),
	(276,116,1,'title','Open-source','2016-05-25 17:10:56','2016-05-25 17:10:56'),
	(277,116,2,'respond','18','2016-05-25 17:10:56','2016-05-25 17:10:56'),
	(279,99,2,'respond','19','2016-05-25 17:12:12','2016-05-25 17:12:12'),
	(280,104,2,'respond','19','2016-05-25 17:12:34','2016-05-25 17:12:34'),
	(281,117,0,'text','Here you can check my cv, skills, experience, certifications, ask a link of my blog or even check my portfolio','2016-05-25 17:14:16','2016-06-10 05:36:47'),
	(282,118,0,'text','Just type \"cv\", \"portfolio\" or try to guess another command and let`s get started :)','2016-05-25 17:14:36','2016-06-10 05:37:38'),
	(283,119,0,'title','Freelance','2016-05-25 17:19:19','2016-05-25 17:19:19'),
	(284,119,1,'sub_title','May 2015 - Present','2016-05-25 17:19:19','2016-05-25 17:19:19'),
	(285,119,2,'image_url','http://under30ceo.com/wp-content/uploads/2015/01/Freelance.jpg','2016-05-25 17:19:19','2016-05-25 17:19:19'),
	(286,120,0,'text','Yeah, sure, why not? Here is a link to my personal blog','2016-05-25 17:20:17','2016-05-25 17:20:17'),
	(287,121,0,'option','web_url','2016-05-25 17:20:38','2016-05-25 17:20:38'),
	(288,121,1,'title','krucas.com','2016-05-25 17:20:38','2016-05-25 17:20:38'),
	(289,121,2,'url','http://www.krucas.com','2016-05-25 17:20:38','2016-05-25 17:20:38'),
	(290,122,0,'text','Hey, {$first-name} {$last-name}','2016-06-10 05:36:06','2016-06-10 05:36:06'),
	(291,123,0,'text','User variables: assign custom user variables and use them in responses or save it for later use','2016-06-10 05:38:50','2016-06-29 04:57:01'),
	(292,124,0,'text','Marketing: create marketing messages and send it to all / selected recipients','2016-06-10 05:40:02','2016-06-10 05:40:02'),
	(293,125,0,'text','Chat is disabled, to enable send a message with text: enable chat','2016-06-28 18:12:33','2016-06-28 18:12:33'),
	(294,126,0,'option','disable','2016-06-28 18:12:44','2016-06-28 18:12:44'),
	(295,127,0,'option','enable','2016-06-28 18:16:16','2016-06-28 18:16:16'),
	(296,128,0,'text','Chat is enabled! Happy chatting :)','2016-06-28 18:16:36','2016-06-28 18:16:36'),
	(297,129,0,'text','Here is my recent blog entries','2016-06-28 18:19:54','2016-06-28 18:19:54'),
	(298,130,0,'url','http://www.krucas.com/feed/atom','2016-06-28 18:20:41','2016-06-28 18:20:41'),
	(299,130,0,'count','6','2016-06-28 18:20:41','2016-06-28 18:20:41'),
	(300,130,0,'text_link','Read On Web','2016-06-28 18:20:41','2016-06-28 18:20:41'),
	(301,131,0,'variable','6','2016-06-28 18:26:52','2016-06-28 18:26:52'),
	(302,132,0,'text','Your email was saved!','2016-06-28 18:27:14','2016-06-28 18:27:14'),
	(304,134,0,'text','Hooks: execute actions after message received','2016-06-29 04:53:50','2016-06-29 04:53:50'),
	(305,135,0,'text','Integrations: integrate your RSS feed or a custom website and send it directly to recipients','2016-06-29 04:55:04','2016-07-12 05:41:55'),
	(306,136,0,'text','Timezones: rely on bot or recipient timezone','2016-06-29 04:56:21','2016-06-29 04:56:21'),
	(307,137,0,'url','http://www.krucas.com/sample-callback.json','2016-07-12 05:44:02','2016-07-12 05:44:02'),
	(308,138,0,'text','What`s your favorite color?','2016-07-12 05:47:14','2016-07-12 05:49:14'),
	(309,139,0,'variable','7','2016-07-12 05:48:26','2016-07-12 05:48:26'),
	(310,140,0,'content_type','text','2016-07-12 05:49:25','2016-07-12 05:49:25'),
	(311,140,1,'title','Red','2016-07-12 05:49:25','2016-07-12 05:49:25'),
	(312,140,2,'respond','29','2016-07-12 05:49:25','2016-07-12 05:49:25'),
	(313,141,0,'content_type','text','2016-07-12 05:49:41','2016-07-12 05:49:41'),
	(314,141,1,'title','Green','2016-07-12 05:49:41','2016-07-12 05:49:41'),
	(315,141,2,'respond','29','2016-07-12 05:49:41','2016-07-12 05:49:41'),
	(316,142,0,'content_type','text','2016-07-12 05:49:53','2016-07-12 05:49:53'),
	(317,142,1,'title','Blue','2016-07-12 05:49:53','2016-07-12 05:49:53'),
	(318,142,2,'respond','29','2016-07-12 05:49:53','2016-07-12 05:49:53'),
	(319,143,0,'text','Now we know your favorite color! :)','2016-07-12 05:50:28','2016-07-12 05:50:28'),
	(320,144,0,'text','Hey, thanks for your interest in this application, hope you will enjoy it!','2016-07-12 05:53:13','2016-07-12 05:53:13'),
	(321,145,0,'text','Persistent menu','2016-07-12 05:53:53','2016-07-12 05:53:53'),
	(322,146,0,'option','postback','2016-07-12 05:54:10','2016-07-12 05:54:10'),
	(323,146,1,'title','Callback sample','2016-07-12 05:54:10','2016-07-12 05:54:10'),
	(324,146,2,'respond','27','2016-07-12 05:54:10','2016-07-12 05:54:10'),
	(325,147,0,'option','postback','2016-07-12 05:54:30','2016-07-12 05:54:30'),
	(326,147,1,'title','Quick Replies Sample','2016-07-12 05:54:30','2016-07-12 05:54:30'),
	(327,147,2,'respond','28','2016-07-12 05:54:30','2016-07-12 05:54:30'),
	(328,148,0,'option','postback','2016-07-12 05:54:55','2016-07-12 05:54:55'),
	(329,148,1,'title','Bot Features','2016-07-12 05:54:55','2016-07-12 05:54:55'),
	(330,148,2,'respond','1','2016-07-12 05:54:55','2016-07-12 05:54:55'),
	(331,149,0,'text','Just type \"cv\", \"portfolio\" or try to guess another command and let`s get started :)','2016-07-12 06:24:57','2016-07-12 06:24:57'),
	(332,150,0,'channel','1','2016-07-20 13:05:39','2016-07-20 13:05:39'),
	(333,150,1,'option','add','2016-07-20 13:05:39','2016-07-20 13:05:39'),
	(335,152,0,'channel','1','2016-07-20 13:06:29','2016-07-20 13:06:29'),
	(336,152,1,'option','remove','2016-07-20 13:06:29','2016-07-20 13:06:29'),
	(337,153,0,'text','Unsubscribed from test channel!','2016-07-20 13:06:58','2016-07-20 13:06:58'),
	(338,154,0,'text','Subscribed to test channel!','2016-07-20 13:07:52','2016-07-20 13:07:52'),
	(339,155,0,'option','postback','2016-07-20 13:08:07','2016-07-20 13:08:07'),
	(340,155,1,'title','Unsubscribe','2016-07-20 13:08:07','2016-07-20 13:08:07'),
	(341,155,2,'respond','33','2016-07-20 13:08:07','2016-07-20 13:08:07');

INSERT INTO `flows_responds` (`id`, `flow_id`, `respond_id`, `created_at`, `updated_at`)
VALUES
	(1,1,3,NULL,NULL),
	(4,4,1,NULL,NULL),
	(5,5,2,NULL,NULL),
	(6,6,4,NULL,NULL),
	(7,7,4,NULL,NULL),
	(8,8,6,NULL,NULL),
	(9,10,10,NULL,NULL),
	(10,9,11,NULL,NULL),
	(11,11,12,NULL,NULL),
	(12,12,14,NULL,NULL),
	(13,13,13,NULL,NULL),
	(19,15,21,NULL,NULL),
	(21,16,19,NULL,NULL),
	(22,17,15,NULL,NULL),
	(23,18,20,NULL,NULL),
	(24,19,22,NULL,NULL),
	(25,20,23,NULL,NULL),
	(26,21,24,NULL,NULL),
	(27,22,25,NULL,NULL),
	(28,23,27,NULL,NULL),
	(29,24,28,NULL,NULL),
	(30,25,32,NULL,NULL),
	(31,26,33,NULL,NULL);

INSERT INTO `subscriptions_channels` (`id`, `bot_id`, `name`, `created_at`, `updated_at`)
VALUES
	(1,1,'Test channel','2016-07-20 13:04:27','2016-07-20 13:04:27');